hotel,lead_time,arrival_date_month,adr,total_of_special_requests
Resort Hotel,88,January,73.46,2
Resort Hotel,20,January,119,0
Resort Hotel,76,January,57.9,1
Resort Hotel,88,January,90.17,2
Resort Hotel,113,January,72,0
Resort Hotel,113,January,72,0
Resort Hotel,113,January,72,0
Resort Hotel,113,January,72,0
Resort Hotel,113,January,72,0
Resort Hotel,113,January,72,0
Resort Hotel,113,January,72,0
Resort Hotel,113,January,72,0
Resort Hotel,113,January,72,0
Resort Hotel,113,January,72,0
City Hotel,0,January,77.5,0
City Hotel,1,January,67.5,0
City Hotel,1,January,76.5,0
City Hotel,1,January,89.3,1
City Hotel,2,January,82.9,1
City Hotel,4,January,80.3,1
City Hotel,2,January,77.5,0
City Hotel,3,January,83.9,1
City Hotel,1,January,67.22,0
City Hotel,0,January,81.9,0
City Hotel,5,January,73.9,1
City Hotel,4,January,77,1
City Hotel,8,January,80.3,1
City Hotel,1,January,75,0
City Hotel,4,January,73.9,1
City Hotel,5,January,89.3,1
City Hotel,3,January,80.1,1
City Hotel,2,January,86,1
City Hotel,0,January,93,0
City Hotel,5,January,89,1
City Hotel,1,January,106,1
City Hotel,11,January,62.83,1
City Hotel,58,January,91,0
Resort Hotel,140,February,50,0
Resort Hotel,140,February,50,0
Resort Hotel,111,February,70,0
Resort Hotel,111,February,70,0
Resort Hotel,111,February,70,0
Resort Hotel,112,February,70,0
Resort Hotel,112,February,70,0
Resort Hotel,112,February,68,0
Resort Hotel,112,February,68,0
Resort Hotel,112,February,68,0
Resort Hotel,112,February,68,0
Resort Hotel,112,February,68,0
Resort Hotel,151,February,32.4,1
Resort Hotel,140,February,50,0
Resort Hotel,140,February,50,0
Resort Hotel,140,February,50,0
Resort Hotel,140,February,50,0
Resort Hotel,140,February,50,0
Resort Hotel,88,February,68,0
Resort Hotel,111,February,70,0
Resort Hotel,111,February,70,0
Resort Hotel,111,February,70,0
Resort Hotel,112,February,70,0
Resort Hotel,112,February,94.5,0
Resort Hotel,112,February,55,0
Resort Hotel,112,February,68,0
Resort Hotel,112,February,68,0
City Hotel,1,February,104,2
City Hotel,4,February,95,2
City Hotel,1,February,0,2
City Hotel,1,February,85,0
City Hotel,3,February,85.03,2
City Hotel,4,February,85.03,1
City Hotel,0,February,63.2,1
City Hotel,0,February,79,1
City Hotel,137,February,102,0
City Hotel,7,February,87,0
City Hotel,20,February,58.4,0
City Hotel,11,February,81,1
City Hotel,0,February,165,0
City Hotel,21,February,0,1
City Hotel,10,February,83.55,2
City Hotel,15,February,111.8,0
City Hotel,96,February,67.5,1
City Hotel,4,February,97,2
City Hotel,15,February,40.67,0
City Hotel,11,February,109,0
City Hotel,9,February,48.67,0
City Hotel,76,February,51.09,0
City Hotel,1,February,91,0
City Hotel,11,February,127,1
City Hotel,11,February,91,1
City Hotel,18,February,64,0
City Hotel,36,February,82,0
City Hotel,2,February,83.8,0
City Hotel,24,February,74.8,1
City Hotel,36,February,61.75,1
City Hotel,11,February,73.6,2
City Hotel,34,February,78.3,0
City Hotel,0,February,95,0
City Hotel,3,February,63.88,0
City Hotel,87,February,78.5,1
City Hotel,17,February,144,0
City Hotel,10,February,92,1
City Hotel,18,February,91,0
City Hotel,36,February,67.5,1
City Hotel,30,February,63.21,1
City Hotel,15,February,40.67,0
City Hotel,4,February,139,1
Resort Hotel,149,March,47.97,0
Resort Hotel,40,March,75,0
Resort Hotel,40,March,73.67,0
Resort Hotel,58,March,95.67,0
Resort Hotel,33,March,73.29,0
Resort Hotel,110,March,50.63,1
Resort Hotel,78,March,86,0
Resort Hotel,10,March,105,2
Resort Hotel,21,March,141,0
Resort Hotel,24,March,48,1
Resort Hotel,148,March,90,1
Resort Hotel,92,March,96,0
Resort Hotel,20,March,36,0
Resort Hotel,108,March,48,1
Resort Hotel,67,March,50.67,0
Resort Hotel,143,March,45.6,2
Resort Hotel,62,March,69.33,2
Resort Hotel,143,March,45.6,2
Resort Hotel,62,March,90.17,2
Resort Hotel,20,March,43,0
Resort Hotel,22,March,48,1
Resort Hotel,45,March,48,0
Resort Hotel,45,March,96,0
Resort Hotel,76,March,56,0
Resort Hotel,38,March,48,1
Resort Hotel,73,March,48,0
Resort Hotel,74,March,40,0
Resort Hotel,79,March,50,1
Resort Hotel,66,March,80.16,2
Resort Hotel,66,March,52,2
Resort Hotel,66,March,52,2
City Hotel,49,March,81.9,1
City Hotel,65,March,63.75,0
City Hotel,62,March,63.49,1
City Hotel,46,March,107.1,0
City Hotel,8,March,54.5,1
City Hotel,25,March,63.58,0
City Hotel,19,March,60.83,1
City Hotel,108,March,59.37,0
City Hotel,10,March,80,0
City Hotel,8,March,72,0
City Hotel,1,March,109,1
City Hotel,39,March,85,0
City Hotel,58,March,78.3,1
City Hotel,35,March,63,0
City Hotel,32,March,85,0
City Hotel,41,March,89.1,0
City Hotel,36,March,71.1,1
City Hotel,46,March,77.35,1
City Hotel,33,March,95.4,0
City Hotel,64,March,73.95,1
City Hotel,52,March,51,0
City Hotel,164,March,90,2
City Hotel,0,March,0,0
City Hotel,1,March,55,0
City Hotel,0,March,109,0
City Hotel,2,March,92,0
City Hotel,6,March,107,0
City Hotel,6,March,107,0
City Hotel,15,March,116.2,2
City Hotel,56,March,56.83,1
City Hotel,34,March,71.1,0
City Hotel,34,March,71.1,1
City Hotel,0,March,76.5,1
City Hotel,21,March,85,1
City Hotel,9,March,97,1
City Hotel,15,March,97,0
City Hotel,42,March,71.1,1
City Hotel,10,March,83.93,1
City Hotel,33,March,71.1,1
City Hotel,9,March,109,1
City Hotel,47,March,77.35,1
City Hotel,29,March,100.33,0
City Hotel,9,March,97,1
City Hotel,22,March,89,0
City Hotel,22,March,89,0
City Hotel,21,March,108.2,0
City Hotel,31,March,71.1,1
City Hotel,9,March,79,1
City Hotel,1,March,111,0
City Hotel,32,March,81.9,1
City Hotel,41,March,123.3,2
City Hotel,43,March,81.9,1
City Hotel,43,March,81.9,1
City Hotel,18,March,95.48,1
Resort Hotel,86,April,94,1
Resort Hotel,7,April,54.5,0
Resort Hotel,31,April,91,0
Resort Hotel,0,April,91,0
Resort Hotel,0,April,65,0
Resort Hotel,31,April,91,0
Resort Hotel,31,April,75,0
Resort Hotel,31,April,85,0
Resort Hotel,31,April,75,0
Resort Hotel,31,April,85,0
Resort Hotel,31,April,75,0
Resort Hotel,185,April,54.5,0
Resort Hotel,32,April,50,0
Resort Hotel,32,April,50,0
Resort Hotel,32,April,50,0
Resort Hotel,32,April,50,0
Resort Hotel,32,April,59,1
Resort Hotel,32,April,50,0
Resort Hotel,32,April,50,0
Resort Hotel,32,April,59,1
Resort Hotel,32,April,59,1
Resort Hotel,32,April,50,0
Resort Hotel,32,April,59,1
Resort Hotel,32,April,59,1
Resort Hotel,1,April,70,0
Resort Hotel,32,April,59,1
Resort Hotel,31,April,75,0
Resort Hotel,31,April,81,0
Resort Hotel,0,April,77,0
Resort Hotel,24,April,81,1
Resort Hotel,55,April,61.4,1
Resort Hotel,101,April,17.6,1
Resort Hotel,31,April,91,0
City Hotel,138,April,90,1
City Hotel,134,April,90,1
City Hotel,138,April,90,1
City Hotel,30,April,75.6,0
City Hotel,138,April,90,1
City Hotel,138,April,90,1
City Hotel,138,April,90,1
City Hotel,138,April,90,1
City Hotel,14,April,70,1
City Hotel,18,April,129,0
City Hotel,64,April,105.3,1
City Hotel,21,April,119,0
City Hotel,7,April,90,0
City Hotel,26,April,126,0
City Hotel,19,April,154,0
City Hotel,26,April,126,1
City Hotel,4,April,191,3
City Hotel,38,April,103.5,0
City Hotel,52,April,80.75,0
City Hotel,1,April,101,0
City Hotel,49,April,112.2,1
City Hotel,14,April,0,1
City Hotel,76,April,96.3,1
City Hotel,18,April,129,0
City Hotel,40,April,105.3,1
City Hotel,26,April,182,2
City Hotel,0,April,89,0
City Hotel,69,April,117.18,1
City Hotel,25,April,103.95,2
City Hotel,29,April,109.2,1
City Hotel,18,April,129,0
City Hotel,80,April,85.5,1
City Hotel,18,April,119,1
City Hotel,19,April,119,1
City Hotel,78,April,128.7,2
City Hotel,0,April,0,0
City Hotel,0,April,0,0
City Hotel,58,April,100.48,0
City Hotel,18,April,129.67,1
City Hotel,60,April,71.6,0
City Hotel,5,April,157,2
City Hotel,95,April,65.83,1
City Hotel,24,April,108.5,1
City Hotel,41,April,105.3,1
City Hotel,53,April,76.58,1
City Hotel,10,April,98.1,0
City Hotel,58,April,99.45,0
City Hotel,58,April,99.45,0
City Hotel,52,April,89.25,1
City Hotel,45,April,94.5,1
City Hotel,26,April,123.5,1
City Hotel,26,April,144.5,2
City Hotel,23,April,125.2,1
City Hotel,82,April,99.45,1
City Hotel,23,April,146.2,3
City Hotel,72,April,137.7,2
City Hotel,28,April,113.1,0
City Hotel,77,April,90.95,1
City Hotel,18,April,165,1
City Hotel,25,April,104.2,1
City Hotel,0,April,80.39,0
City Hotel,93,April,96.3,3
City Hotel,93,April,96.3,3
Resort Hotel,163,May,52.2,1
Resort Hotel,45,May,129,1
Resort Hotel,27,May,111,1
Resort Hotel,98,May,43.43,1
Resort Hotel,58,May,75.6,1
Resort Hotel,5,May,48.6,2
Resort Hotel,12,May,46,0
Resort Hotel,36,May,65,1
Resort Hotel,18,May,60,0
Resort Hotel,15,May,52,1
Resort Hotel,21,May,0,0
Resort Hotel,92,May,68,0
Resort Hotel,108,May,44.07,0
Resort Hotel,0,May,79,0
Resort Hotel,22,May,75,1
Resort Hotel,22,May,72,1
Resort Hotel,28,May,59,0
Resort Hotel,1,May,94,1
Resort Hotel,1,May,109,1
Resort Hotel,1,May,109,1
Resort Hotel,1,May,109,1
Resort Hotel,1,May,109,1
Resort Hotel,108,May,94,1
Resort Hotel,104,May,55.3,0
Resort Hotel,3,May,79,1
Resort Hotel,6,May,0,0
Resort Hotel,97,May,59,0
Resort Hotel,0,May,94,1
Resort Hotel,21,May,137,2
Resort Hotel,31,May,75,1
Resort Hotel,37,May,95,1
Resort Hotel,121,May,52.2,2
City Hotel,47,May,92.28,1
City Hotel,22,May,92.5,3
City Hotel,51,May,154.88,2
City Hotel,0,May,0,0
City Hotel,24,May,135,0
City Hotel,22,May,142.2,0
City Hotel,76,May,159.3,1
City Hotel,89,May,119.85,0
City Hotel,0,May,177,0
City Hotel,24,May,99.33,1
City Hotel,4,May,141,1
City Hotel,56,May,140.4,1
City Hotel,73,May,126.9,1
City Hotel,58,May,159.3,3
City Hotel,110,May,121.59,1
City Hotel,56,May,140.4,1
City Hotel,230,May,83.78,2
City Hotel,102,May,105,1
City Hotel,124,May,117.1,1
City Hotel,124,May,110.1,1
City Hotel,124,May,117.1,1
City Hotel,56,May,116.1,1
City Hotel,52,May,116.1,2
City Hotel,120,May,140.59,2
City Hotel,196,May,80.75,1
City Hotel,36,May,116.1,2
City Hotel,56,May,116.1,1
City Hotel,57,May,119.85,1
City Hotel,38,May,127.39,0
City Hotel,39,May,127.39,0
City Hotel,56,May,116.1,1
City Hotel,56,May,116.1,1
City Hotel,76,May,131.26,1
City Hotel,196,May,80.75,1
City Hotel,196,May,80.75,0
City Hotel,196,May,80.75,1
City Hotel,196,May,80.75,1
City Hotel,191,May,100.3,0
City Hotel,196,May,80.75,1
City Hotel,196,May,80.75,0
City Hotel,116,May,117.9,2
City Hotel,116,May,117.9,2
City Hotel,55,May,159.3,2
City Hotel,13,May,186,2
City Hotel,189,May,90.1,0
City Hotel,116,May,109.65,1
City Hotel,129,May,80.75,1
City Hotel,94,May,80.75,0
City Hotel,84,May,114.34,2
City Hotel,77,May,135.15,1
City Hotel,40,May,203.73,2
City Hotel,61,May,182.75,0
City Hotel,2,May,90,1
City Hotel,129,May,80.75,2
City Hotel,32,May,184.99,2
City Hotel,53,May,149.4,1
City Hotel,55,May,150.45,2
City Hotel,61,May,121.5,2
City Hotel,61,May,121.5,0
City Hotel,61,May,126.9,2
City Hotel,100,May,219.6,2
City Hotel,56,May,116.1,1
City Hotel,124,May,117.1,1
City Hotel,56,May,116.1,1
City Hotel,51,May,132.6,2
Resort Hotel,12,June,116.31,1
Resort Hotel,1,June,79,0
Resort Hotel,127,June,136.8,1
Resort Hotel,163,June,93.75,0
Resort Hotel,1,June,65,0
Resort Hotel,67,June,119,1
Resort Hotel,116,June,89.12,1
Resort Hotel,116,June,87.12,1
Resort Hotel,48,June,189,0
Resort Hotel,7,June,96,0
Resort Hotel,48,June,201,0
Resort Hotel,161,June,47.9,0
Resort Hotel,65,June,122,1
Resort Hotel,114,June,97.92,1
Resort Hotel,161,June,47.9,0
Resort Hotel,105,June,181.9,0
Resort Hotel,105,June,232.4,0
Resort Hotel,96,June,193.9,0
Resort Hotel,107,June,107.71,2
Resort Hotel,45,June,130.13,0
Resort Hotel,92,June,118,1
Resort Hotel,162,June,93.8,0
Resort Hotel,265,June,68.4,2
Resort Hotel,15,June,144,1
City Hotel,27,June,120,0
City Hotel,36,June,133.2,0
City Hotel,27,June,120,0
City Hotel,27,June,120,0
City Hotel,71,June,126.9,0
City Hotel,337,June,62,0
City Hotel,337,June,62,0
City Hotel,337,June,62,0
City Hotel,337,June,62,0
City Hotel,337,June,62,0
City Hotel,337,June,62,0
City Hotel,337,June,62,0
City Hotel,130,June,159.3,0
City Hotel,337,June,62,0
City Hotel,337,June,62,0
City Hotel,337,June,62,0
City Hotel,337,June,62,0
City Hotel,337,June,62,0
City Hotel,337,June,62,0
City Hotel,337,June,62,0
City Hotel,337,June,62,0
City Hotel,337,June,62,0
City Hotel,337,June,62,0
City Hotel,130,June,159.3,0
City Hotel,130,June,159.3,0
City Hotel,337,June,62,0
City Hotel,337,June,62,0
City Hotel,130,June,159.3,0
City Hotel,337,June,62,0
City Hotel,337,June,62,0
City Hotel,64,June,143.1,0
City Hotel,337,June,62,0
City Hotel,337,June,62,0
City Hotel,337,June,62,0
City Hotel,40,June,165.6,0
City Hotel,337,June,62,0
City Hotel,337,June,62,0
City Hotel,337,June,62,0
City Hotel,337,June,62,0
City Hotel,337,June,62,0
City Hotel,337,June,62,0
City Hotel,130,June,159.3,0
City Hotel,104,June,143.1,0
City Hotel,53,June,134.4,1
City Hotel,44,June,192.9,0
City Hotel,282,June,73.33,1
City Hotel,282,June,73.33,0
City Hotel,149,June,129,0
City Hotel,282,June,73.33,1
City Hotel,282,June,73.33,1
City Hotel,282,June,0,0
City Hotel,282,June,73.33,0
City Hotel,282,June,73.33,1
City Hotel,282,June,73.33,1
City Hotel,104,June,126.9,0
City Hotel,282,June,73.33,1
City Hotel,282,June,73.33,0
City Hotel,149,June,129,0
City Hotel,282,June,73.33,1
City Hotel,87,June,97.71,0
City Hotel,122,June,116.1,0
City Hotel,22,June,149.33,0
City Hotel,62,June,117.9,0
City Hotel,282,June,73.33,1
City Hotel,282,June,107.23,1
City Hotel,135,June,116.1,0
City Hotel,282,June,73.33,1
City Hotel,282,June,73.33,1
City Hotel,282,June,73.33,1
Resort Hotel,161,July,121.77,1
Resort Hotel,16,July,217,1
Resort Hotel,127,July,162,1
Resort Hotel,66,July,164,0
Resort Hotel,119,July,123.2,1
Resort Hotel,84,July,235,0
Resort Hotel,18,July,206,1
Resort Hotel,118,July,142.64,2
Resort Hotel,177,July,119.85,0
Resort Hotel,4,July,118,0
Resort Hotel,4,July,118,0
Resort Hotel,1,July,231,2
Resort Hotel,106,July,226,0
Resort Hotel,4,July,118,0
Resort Hotel,165,July,100.8,0
Resort Hotel,154,July,115,2
Resort Hotel,1,July,176,2
Resort Hotel,85,July,165.56,2
Resort Hotel,119,July,158.2,0
Resort Hotel,0,July,241,1
Resort Hotel,246,July,94.63,0
Resort Hotel,98,July,172,1
Resort Hotel,67,July,195,0
Resort Hotel,154,July,127,2
Resort Hotel,18,July,212,1
City Hotel,17,July,139,0
City Hotel,17,July,187,0
City Hotel,103,July,108.34,1
City Hotel,131,July,136.5,2
City Hotel,113,July,134.3,2
City Hotel,52,July,137.7,1
City Hotel,3,July,118.15,0
City Hotel,3,July,143,0
City Hotel,91,July,109.8,1
City Hotel,145,July,93.5,0
City Hotel,86,July,96.9,0
City Hotel,20,July,187,0
City Hotel,84,July,137.7,0
City Hotel,65,July,125.1,1
City Hotel,76,July,142.2,0
City Hotel,65,July,139.5,0
City Hotel,3,July,173.5,2
City Hotel,7,July,147.3,1
City Hotel,97,July,121.5,1
City Hotel,97,July,121.5,1
City Hotel,93,July,121.5,2
City Hotel,65,July,146.1,4
City Hotel,143,July,81.08,1
City Hotel,143,July,106.03,0
City Hotel,101,July,81.25,0
City Hotel,101,July,84.58,0
City Hotel,64,July,63.75,0
City Hotel,102,July,82.45,0
City Hotel,93,July,94.5,1
City Hotel,93,July,137.7,2
City Hotel,69,July,140,3
City Hotel,283,July,69.38,1
City Hotel,85,July,142.2,2
City Hotel,136,July,94.5,0
City Hotel,128,July,97.43,1
City Hotel,90,July,144.13,2
City Hotel,75,July,99,1
City Hotel,143,July,105.3,2
City Hotel,108,July,72.25,0
City Hotel,110,July,108.3,0
City Hotel,6,July,169,2
City Hotel,30,July,144.9,1
City Hotel,9,July,116.45,0
City Hotel,119,July,217.6,0
City Hotel,50,July,142.2,0
City Hotel,18,July,110.46,1
City Hotel,7,July,151,0
City Hotel,43,July,149.4,1
City Hotel,66,July,72.25,0
City Hotel,0,July,210,0
City Hotel,152,July,134.3,3
City Hotel,79,July,143.1,0
City Hotel,141,July,195.25,1
City Hotel,128,July,97.42,1
City Hotel,128,July,116.32,2
Resort Hotel,56,August,209,1
Resort Hotel,51,August,202.5,1
Resort Hotel,56,August,223,1
Resort Hotel,133,August,203,0
Resort Hotel,26,August,313.71,1
Resort Hotel,5,August,209.75,1
Resort Hotel,12,August,211,1
Resort Hotel,0,August,271,0
Resort Hotel,15,August,240,1
Resort Hotel,154,August,183,0
Resort Hotel,113,August,201,1
Resort Hotel,4,August,203.11,1
Resort Hotel,3,August,236,1
Resort Hotel,14,August,262.6,1
Resort Hotel,141,August,126,0
Resort Hotel,141,August,128,2
Resort Hotel,180,August,126,1
Resort Hotel,180,August,159.5,0
Resort Hotel,180,August,159.5,0
Resort Hotel,180,August,126,1
Resort Hotel,180,August,126,0
Resort Hotel,235,August,160.75,1
Resort Hotel,152,August,134.1,1
Resort Hotel,108,August,209,1
Resort Hotel,83,August,216,3
Resort Hotel,45,August,173.25,0
Resort Hotel,47,August,185.96,1
Resort Hotel,207,August,146,2
Resort Hotel,107,August,192,1
Resort Hotel,207,August,144,2
City Hotel,256,August,72.25,1
City Hotel,143,August,100,0
City Hotel,143,August,100,0
City Hotel,143,August,100,0
City Hotel,143,August,100,0
City Hotel,115,August,131.4,2
City Hotel,136,August,90.9,0
City Hotel,77,August,108.65,2
City Hotel,136,August,90.9,0
City Hotel,48,August,149.4,1
City Hotel,48,August,168.3,1
City Hotel,95,August,131.4,1
City Hotel,181,August,162.15,2
City Hotel,136,August,90.9,0
City Hotel,143,August,90,0
City Hotel,143,August,90,0
City Hotel,192,August,100,0
City Hotel,143,August,100,0
City Hotel,5,August,149,2
City Hotel,141,August,72.25,0
City Hotel,177,August,82.88,0
City Hotel,177,August,93.08,1
City Hotel,136,August,90.9,0
City Hotel,0,August,140,0
City Hotel,5,August,129,1
City Hotel,3,August,169,1
City Hotel,205,August,92.01,1
City Hotel,30,August,137.52,0
City Hotel,256,August,72.25,1
City Hotel,172,August,109.8,0
City Hotel,172,August,137.7,1
City Hotel,136,August,90.9,1
City Hotel,110,August,205.38,2
City Hotel,122,August,198.9,2
City Hotel,143,August,100,1
City Hotel,58,August,85,1
City Hotel,8,August,99.46,1
City Hotel,112,August,92.65,2
City Hotel,186,August,137.7,0
City Hotel,7,August,134,0
City Hotel,167,August,90.9,0
City Hotel,167,August,96.3,0
City Hotel,7,August,124.67,1
City Hotel,11,August,109,0
City Hotel,193,August,90,1
City Hotel,11,August,100,0
City Hotel,186,August,112.5,0
City Hotel,131,August,128.7,1
City Hotel,1,August,174,1
City Hotel,53,August,161.78,1
City Hotel,155,August,85.5,2
City Hotel,230,August,158.95,0
City Hotel,4,August,155.6,1
City Hotel,5,August,96.76,1
City Hotel,40,August,109.8,0
City Hotel,8,August,112,2
City Hotel,74,August,135.9,0
City Hotel,287,August,76.72,0
City Hotel,29,August,150.8,1
City Hotel,3,August,195,2
Resort Hotel,51,September,145.6,1
Resort Hotel,192,September,57.6,0
Resort Hotel,172,September,166.14,2
Resort Hotel,280,September,85.6,0
Resort Hotel,12,September,140,1
Resort Hotel,132,September,64,0
Resort Hotel,132,September,66,0
Resort Hotel,298,September,108.54,0
Resort Hotel,246,September,95.25,0
Resort Hotel,183,September,184.33,0
Resort Hotel,239,September,110,1
Resort Hotel,233,September,78,0
Resort Hotel,126,September,93,0
Resort Hotel,171,September,102,4
Resort Hotel,253,September,108.88,0
Resort Hotel,141,September,92.33,1
Resort Hotel,141,September,100.33,1
Resort Hotel,41,September,86,1
Resort Hotel,41,September,80,1
Resort Hotel,96,September,184.8,2
Resort Hotel,0,September,160,0
Resort Hotel,15,September,140,0
Resort Hotel,144,September,90,0
Resort Hotel,10,September,173.6,2
Resort Hotel,18,September,119,1
Resort Hotel,178,September,143.86,0
Resort Hotel,174,September,161.86,0
City Hotel,27,September,110,2
City Hotel,15,September,109,1
City Hotel,20,September,89,2
City Hotel,34,September,125.1,2
City Hotel,2,September,135,2
City Hotel,22,September,89,2
City Hotel,23,September,68.53,1
City Hotel,6,September,106.4,0
City Hotel,20,September,89,2
City Hotel,16,September,99,0
City Hotel,25,September,108,2
City Hotel,25,September,108,2
City Hotel,25,September,108,2
City Hotel,25,September,108,2
City Hotel,27,September,167.2,0
City Hotel,27,September,167.2,0
City Hotel,19,September,99,2
City Hotel,19,September,99,2
City Hotel,15,September,127,2
City Hotel,10,September,87.01,1
City Hotel,23,September,89,2
City Hotel,19,September,68.5,0
City Hotel,193,September,97.71,1
City Hotel,193,September,106.71,2
City Hotel,69,September,125.1,1
City Hotel,7,September,134,1
City Hotel,3,September,145,2
City Hotel,16,September,89,1
City Hotel,19,September,87.2,0
City Hotel,26,September,95,1
City Hotel,24,September,142,1
City Hotel,48,September,85.5,0
City Hotel,31,September,149.4,2
City Hotel,4,September,110.11,1
City Hotel,13,September,95.38,1
City Hotel,39,September,135.9,2
City Hotel,4,September,110.11,1
City Hotel,62,September,152.1,1
City Hotel,22,September,89,2
City Hotel,40,September,108,0
City Hotel,41,September,125.1,1
City Hotel,21,September,98,2
City Hotel,47,September,125.1,1
City Hotel,19,September,89,0
City Hotel,19,September,89,0
City Hotel,25,September,110,1
City Hotel,37,September,85.5,0
City Hotel,18,September,89,0
City Hotel,19,September,162.29,2
City Hotel,18,September,89,0
City Hotel,18,September,89,0
City Hotel,0,September,144,0
City Hotel,40,September,134.1,1
City Hotel,0,September,155,1
City Hotel,13,September,134,1
City Hotel,55,September,91.51,1
City Hotel,24,September,71.69,1
City Hotel,14,September,118,1
City Hotel,6,September,138,3
City Hotel,7,September,139,1
City Hotel,6,September,129,2
City Hotel,5,September,139,0
City Hotel,16,September,123,0
City Hotel,23,September,100.1,2
City Hotel,23,September,84.7,0
City Hotel,14,September,98,3
City Hotel,13,September,95.38,0
City Hotel,8,September,95.2,0
Resort Hotel,16,October,61,0
Resort Hotel,3,October,39,0
Resort Hotel,45,October,147.5,2
Resort Hotel,0,October,51,0
Resort Hotel,139,October,59,0
Resort Hotel,1,October,0,0
Resort Hotel,0,October,51,0
Resort Hotel,178,October,60,0
Resort Hotel,32,October,115.33,1
Resort Hotel,32,October,121.33,1
Resort Hotel,0,October,56,1
Resort Hotel,58,October,125.1,0
Resort Hotel,4,October,56,1
Resort Hotel,0,October,65,1
Resort Hotel,4,October,56,1
Resort Hotel,4,October,56,1
Resort Hotel,185,October,51.68,0
Resort Hotel,27,October,58,1
Resort Hotel,158,October,81.24,2
Resort Hotel,0,October,66,0
Resort Hotel,162,October,87.86,1
Resort Hotel,131,October,48,0
Resort Hotel,162,October,67.57,1
Resort Hotel,243,October,55.1,0
Resort Hotel,243,October,55.1,0
Resort Hotel,131,October,61,0
Resort Hotel,18,October,63.5,0
Resort Hotel,16,October,55,0
Resort Hotel,60,October,91,2
Resort Hotel,243,October,55.1,0
Resort Hotel,16,October,61,0
Resort Hotel,18,October,63.6,0
Resort Hotel,185,October,54.97,0
Resort Hotel,16,October,55,1
Resort Hotel,18,October,66,1
City Hotel,90,October,80.75,0
City Hotel,66,October,118.8,1
City Hotel,66,October,118.8,1
City Hotel,39,October,242.77,1
City Hotel,256,October,100.75,0
City Hotel,68,October,132.3,2
City Hotel,59,October,90.55,2
City Hotel,45,October,107.1,2
City Hotel,67,October,151.2,2
City Hotel,153,October,118.8,2
City Hotel,43,October,145.2,1
City Hotel,87,October,118.8,1
City Hotel,119,October,129.96,2
City Hotel,119,October,129.96,2
City Hotel,119,October,151.2,2
City Hotel,119,October,132.3,2
City Hotel,256,October,100.75,0
City Hotel,81,October,80.75,0
City Hotel,256,October,100.75,0
City Hotel,36,October,99,1
City Hotel,36,October,108,1
City Hotel,9,October,155,1
City Hotel,7,October,79,0
City Hotel,3,October,95,0
City Hotel,184,October,90.9,2
City Hotel,184,October,90.9,2
City Hotel,108,October,108,2
City Hotel,68,October,108,2
City Hotel,256,October,100.75,0
City Hotel,24,October,85,1
City Hotel,78,October,80.75,0
City Hotel,45,October,182.18,0
City Hotel,28,October,91.63,1
City Hotel,69,October,90.95,1
City Hotel,184,October,128.7,2
City Hotel,8,October,112,0
City Hotel,47,October,85.5,0
City Hotel,1,October,156,1
City Hotel,182,October,70.44,2
City Hotel,81,October,80.75,0
City Hotel,5,October,112,0
City Hotel,0,October,112,0
City Hotel,69,October,153.05,1
City Hotel,69,October,139.57,1
City Hotel,83,October,108,1
City Hotel,50,October,198,3
City Hotel,256,October,100.75,0
City Hotel,86,October,192.86,1
City Hotel,184,October,128.7,2
City Hotel,59,October,117,2
City Hotel,256,October,100.75,0
City Hotel,256,October,100.75,0
City Hotel,256,October,100.75,0
City Hotel,182,October,70.44,2
City Hotel,184,October,128.7,3
City Hotel,0,October,0,0
City Hotel,184,October,128.7,2
City Hotel,50,October,98.55,0
City Hotel,24,October,85,0
City Hotel,26,October,85,0
City Hotel,184,October,96.3,2
City Hotel,184,October,128.7,2
City Hotel,256,October,100.75,0
City Hotel,7,October,103.18,1
City Hotel,30,October,110.77,2
City Hotel,35,October,85,0
City Hotel,184,October,130.5,1
City Hotel,15,October,150,2
City Hotel,1,October,129,1
City Hotel,165,October,118.8,2
City Hotel,132,October,179,3
City Hotel,21,October,119,1
City Hotel,7,October,160,1
City Hotel,19,October,140,2
City Hotel,1,October,135,2
City Hotel,82,October,80.75,0
Resort Hotel,26,November,86,2
Resort Hotel,123,November,34.02,0
Resort Hotel,3,November,30,0
Resort Hotel,11,November,83.76,1
Resort Hotel,61,November,48.3,0
Resort Hotel,4,November,34,0
Resort Hotel,71,November,55.8,1
Resort Hotel,35,November,88,0
Resort Hotel,11,November,29,0
Resort Hotel,3,November,34,1
Resort Hotel,3,November,34,1
Resort Hotel,2,November,80,1
Resort Hotel,72,November,47.8,2
Resort Hotel,65,November,58.24,0
Resort Hotel,15,November,40.4,0
Resort Hotel,23,November,50.6,1
Resort Hotel,14,November,49,1
Resort Hotel,14,November,43,1
Resort Hotel,14,November,58.65,0
Resort Hotel,2,November,105,0
Resort Hotel,67,November,50,0
Resort Hotel,79,November,37.8,2
Resort Hotel,29,November,38.81,1
City Hotel,215,November,75,0
City Hotel,215,November,75,0
City Hotel,215,November,85,0
City Hotel,215,November,75,0
City Hotel,215,November,75,0
City Hotel,215,November,75,0
City Hotel,214,November,75,0
City Hotel,2,November,111,1
City Hotel,49,November,101.51,1
City Hotel,63,November,79.2,1
City Hotel,251,November,73.35,1
City Hotel,22,November,99,0
City Hotel,215,November,75,0
City Hotel,60,November,109.8,0
City Hotel,215,November,75,0
City Hotel,76,November,93.6,1
City Hotel,216,November,0,0
City Hotel,63,November,79.2,1
City Hotel,95,November,85,1
City Hotel,33,November,63,0
City Hotel,47,November,98.1,0
City Hotel,215,November,75,0
City Hotel,215,November,85,0
City Hotel,2,November,92.67,1
City Hotel,65,November,63.58,0
City Hotel,215,November,75,0
City Hotel,215,November,75,0
City Hotel,215,November,85,1
City Hotel,215,November,75,0
City Hotel,215,November,75,0
City Hotel,37,November,72,0
City Hotel,215,November,75,1
City Hotel,214,November,85,1
City Hotel,215,November,75,0
City Hotel,215,November,75,0
City Hotel,215,November,75,0
City Hotel,215,November,85,0
City Hotel,14,November,0,0
City Hotel,214,November,75,0
City Hotel,215,November,75,0
City Hotel,61,November,68,1
City Hotel,215,November,91.67,0
City Hotel,0,November,0,2
City Hotel,215,November,75,1
City Hotel,0,November,0,0
City Hotel,215,November,75,1
City Hotel,215,November,75,1
City Hotel,215,November,75,1
City Hotel,0,November,95,0
City Hotel,35,November,88,2
City Hotel,2,November,91.38,1
City Hotel,75,November,75,0
City Hotel,8,November,94,1
City Hotel,8,November,94,0
City Hotel,8,November,94,0
Resort Hotel,7,December,111,0
Resort Hotel,96,December,66.24,1
Resort Hotel,101,December,57.6,0
Resort Hotel,191,December,37.8,2
Resort Hotel,87,December,55.8,1
Resort Hotel,17,December,27,0
Resort Hotel,120,December,86.4,2
Resort Hotel,120,December,86.4,2
Resort Hotel,120,December,86.4,2
Resort Hotel,30,December,65,0
Resort Hotel,16,December,60,1
Resort Hotel,120,December,54.8,3
Resort Hotel,31,December,66,0
Resort Hotel,1,December,79,0
Resort Hotel,120,December,46.8,3
Resort Hotel,80,December,46.8,1
Resort Hotel,80,December,58.47,1
Resort Hotel,79,December,67.05,0
Resort Hotel,31,December,52.8,1
Resort Hotel,94,December,26.64,0
Resort Hotel,81,December,89.43,2
Resort Hotel,63,December,48.03,0
Resort Hotel,67,December,96.09,0
Resort Hotel,32,December,95,1
City Hotel,22,December,0,2
City Hotel,0,December,133,0
City Hotel,0,December,133,0
City Hotel,7,December,124,1
City Hotel,16,December,108.67,0
City Hotel,174,December,87.72,0
City Hotel,80,December,75,0
City Hotel,0,December,0,1
City Hotel,5,December,121,1
City Hotel,70,December,80.33,0
City Hotel,0,December,128,0
City Hotel,34,December,120.7,2
City Hotel,2,December,0,2
City Hotel,17,December,92.67,0
City Hotel,74,December,75,0
City Hotel,270,December,68,0
City Hotel,55,December,79.2,1
City Hotel,49,December,83.8,2
City Hotel,137,December,90,1
City Hotel,9,December,131.5,0
City Hotel,52,December,72,0
City Hotel,50,December,68,0
City Hotel,15,December,107.5,0
City Hotel,1,December,100.47,0
City Hotel,101,December,119,2
City Hotel,36,December,88,1
City Hotel,89,December,104,2
City Hotel,89,December,104,2
City Hotel,89,December,104,2
City Hotel,89,December,104,2
City Hotel,89,December,96,2
City Hotel,17,December,100.38,0
City Hotel,278,December,78.3,3
City Hotel,18,December,80,0
City Hotel,278,December,78.3,2
City Hotel,18,December,80,0
City Hotel,18,December,80,0
City Hotel,18,December,80,0
City Hotel,18,December,80,0
City Hotel,18,December,80,0
City Hotel,18,December,80,0
City Hotel,25,December,96.9,2
City Hotel,18,December,89,0
City Hotel,78,December,88.4,1
